{
    "S_CENTER": [
        11.891457608995562,
        4092.86119831028,
        102.58249648668289,
        0.42142953078205925,
        0.16922528557009886,
        88.7242197980824,
        381.51758915728567,
        112621.5,
        170039992.0,
        -0.00016186900088191458,
        0.08785007553425114,
        0.1480280260644567,
        766.3866195339094,
        0.00130484773311556,
        0.5043934138843512,
        0.9693645641627061,
        0.012353594741069113,
        19.54259760503199,
        11.88257337245,
        0.5006119452310556
    ],
    "S_SCALE": [
        2.754193110274322,
        21.87129380148872,
        239.12980840977536,
        0.22582196965800289,
        0.2257414186043567,
        5954.617653798006,
        841.5768531142896,
        887428.0,
        4459504.0,
        0.1065653094854321,
        0.07624152848163775,
        0.23125238331061926,
        5575.986824884731,
        0.002260326224730199,
        0.4586320580784262,
        0.031234082199598445,
        0.06116639422565035,
        3.5594059734516037,
        1.6279327713244172,
        0.011282061679628752
    ],
    "M_CENTER": [
        11.865650618722984,
        0.49917149740091543,
        1.0027167341464276,
        0.0041100133808691045,
        0.0006228493356613427,
        -0.0033225132970107186
    ],
    "M_SCALE": [
        1.5281206495191704,
        0.011738733735137341,
        0.04601959828672253,
        0.008277679317944592,
        0.0015898847522957849,
        0.010053975890140314
    ],
    "G_CENTER": [
        11.891457608995562,
        4092.86119831028,
        102.58249648668289,
        0.42142953078205925,
        0.16922528557009886,
        88.7242197980824,
        381.51758915728567,
        112621.5,
        170039992.0,
        -0.00016186900088191458,
        0.08785007553425114,
        0.1480280260644567,
        766.3866195339094,
        0.00130484773311556,
        0.5043934138843512,
        0.9693645641627061,
        0.012353594741069113,
        19.54259760503199,
        11.88257337245,
        0.5006119452310556,
        11.865650618722984,
        0.49917149740091543,
        1.0027167341464276,
        0.0041100133808691045,
        0.0006228493356613427,
        -0.0033225132970107186
    ],
    "G_SCALE": [
        2.754193110274322,
        21.87129380148872,
        239.12980840977536,
        0.22582196965800289,
        0.2257414186043567,
        5954.617653798006,
        841.5768531142896,
        887428.0,
        4459504.0,
        0.1065653094854321,
        0.07624152848163775,
        0.23125238331061926,
        5575.986824884731,
        0.002260326224730199,
        0.4586320580784262,
        0.031234082199598445,
        0.06116639422565035,
        3.5594059734516037,
        1.6279327713244172,
        0.011282061679628752,
        1.5281206495191704,
        0.011738733735137341,
        0.04601959828672253,
        0.008277679317944592,
        0.0015898847522957849,
        0.010053975890140314
    ],
    "WEIGHTS": {
        "IF_storage": 0.05,
        "IF_memory": 0.05,
        "IF_full": 0.05,
        "HBOS": 0.3,
        "LOF": 0.4,
        "IF_diverse": 0.1
    },
    "L1_SCALERS": {
        "IF_storage": [
            0.7740741398440177,
            3.515909286854574
        ],
        "IF_memory": [
            0.7301569120517715,
            2.4089781188432986
        ],
        "IF_full": [
            0.7293739116171953,
            3.2162922442727853
        ],
        "HBOS": [
            0.18654695891285206,
            0.01489880063445439
        ],
        "LOF": [
            -3.936669632450727e-10,
            4.176946162258955e-10
        ],
        "IF_diverse": [
            0.7993992412046392,
            3.4442793711210444
        ]
    }
}